{
  "fitness": 0.09980881226138913,
  "accuracy": 0.803,
  "complexity_penalty": 0.07,
  "method_accuracies": {
    "add": 0.9665895953757224,
    "indexOf": 0.9668950028074115,
    "remove": 0.9663704316650581,
    "lastIndexOf": 0.9704237288135593,
    "get": 0.9503952353322638,
    "contains": 0.9612144449883069,
    "set": 0.9036574827450761,
    "size": 0.9470915220472742,
    "isEmpty": 0.7165473686087143,
    "clear": 0.9950440528634361
  },
  "executionTime": 1079.5445482730865,
  "methods": {
    "lastIndexOf": {
      "program": [
        "DS.LAST_INDEX_OF"
      ],
      "accuracy": 0.9704237288135593,
      "complexity": 1
    },
    "get": {
      "program": [
        "DS.GET.INDEX"
      ],
      "accuracy": 0.9503952353322638,
      "complexity": 1
    },
    "add": {
      "program": [
        "DS.SIZE",
        "DS.INSERT.AT.INDEX",
        "INT.CONST.-1",
        "DS.GET.INDEX"
      ],
      "accuracy": 0.9665895953757224,
      "complexity": 4
    },
    "size": {
      "program": [
        "DS.SIZE"
      ],
      "accuracy": 0.9470915220472742,
      "complexity": 1
    },
    "isEmpty": {
      "program": [
        "BOOL.CONST.True"
      ],
      "accuracy": 0.7165473686087143,
      "complexity": 1
    },
    "indexOf": {
      "program": [
        "DS.LAST_INDEX_OF"
      ],
      "accuracy": 0.9668950028074115,
      "complexity": 1
    },
    "set": {
      "program": [
        "DS.SET.INDEX"
      ],
      "accuracy": 0.9036574827450761,
      "complexity": 1
    },
    "clear": {
      "program": [
        "DS.CLEAR"
      ],
      "accuracy": 0.9950440528634361,
      "complexity": 1
    },
    "remove": {
      "program": [
        "BOOL.CONST.False",
        "DS.REMOVE.INDEX"
      ],
      "accuracy": 0.9663704316650581,
      "complexity": 2
    },
    "contains": {
      "program": [
        [
          "BOOL.CONST.False"
        ]
      ],
      "accuracy": 0.9612144449883069,
      "complexity": 1
    }
  }
}