{
  "fitness": 0.1381288589792647,
  "accuracy": 0.65,
  "complexity_penalty": 0.05,
  "method_accuracies": {
    "add": 0.9760211800302572,
    "empty": 0.8395838978423262,
    "push": 0.8749863462588748,
    "pop": 0.8104222724668011,
    "peek": 0.7987106671565172,
    "search": 0.9359783213158018
  },
  "executionTime": 2139.6831080913544,
  "methods": {
    "search": {
      "program": [
        "DS.LAST_INDEX_OF"
      ],
      "accuracy": 0.9359783213158018,
      "complexity": 1
    },
    "push": {
      "program": [],
      "accuracy": 0.8749863462588748,
      "complexity": 0
    },
    "empty": {
      "program": [
        "DS.IS_EMPTY"
      ],
      "accuracy": 0.8395838978423262,
      "complexity": 1
    },
    "peek": {
      "program": [
        "BOOL.CONST.False",
        "INT.CONST.0",
        "DS.GET.INDEX"
      ],
      "accuracy": 0.7987106671565172,
      "complexity": 3
    },
    "add": {
      "program": [
        "INT.CONST.0",
        "DS.INSERT.AT.INDEX"
      ],
      "accuracy": 0.9760211800302572,
      "complexity": 2
    },
    "pop": {
      "program": [
        "BOOL.CONST.False",
        [
          "INT.CONST.0"
        ],
        "DS.REMOVE.INDEX"
      ],
      "accuracy": 0.8104222724668011,
      "complexity": 3
    }
  }
}