{
  "fitness": 0.010281030397139113,
  "accuracy": 0.985,
  "complexity_penalty": 0.0048000000000000004,
  "method_accuracies": {
    "search#obj": 0.9856934215400599,
    "pop#0": 0.9990338164251207,
    "empty#0": 0.9988871224165341,
    "peek#0": 0.9989399293286219,
    "push#obj": 0.9985107556536128,
    "add#obj": 0.9979870967741935
  },
  "executionTime": 583.7765626907349,
  "methods": {
    "search#obj": {
      "program": [
        "POP.ANY",
        "INT.CONST.-1"
      ],
      "accuracy": 0.9856934215400599,
      "complexity": 2
    },
    "push#obj": {
      "program": [
        [
          "INT.LT",
          [
            "DUP.ANY",
            "BOOL.NOT"
          ]
        ],
        [
          "SWAP.ANY",
          "DUP.ANY",
          "INT.CONST.0",
          "DS.INSERT.AT.INDEX"
        ]
      ],
      "accuracy": 0.9985107556536128,
      "complexity": 7
    },
    "empty#0": {
      "program": [
        [
          "DS.SIZE",
          "INT.CONST.0"
        ],
        "INT.EQ"
      ],
      "accuracy": 0.9988871224165341,
      "complexity": 3
    },
    "pop#0": {
      "program": [
        "INT.CONST.0",
        [
          [
            "BOOL.CONST.False"
          ],
          "DS.GET.INDEX",
          [
            "INT.CONST.0",
            "DS.REMOVE.INDEX",
            "INT.ADD",
            "INT.SUB"
          ]
        ]
      ],
      "accuracy": 0.9990338164251207,
      "complexity": 7
    },
    "peek#0": {
      "program": [
        "INT.CONST.0",
        "DS.GET.INDEX"
      ],
      "accuracy": 0.9989399293286219,
      "complexity": 2
    },
    "add#obj": {
      "program": [
        "INT.CONST.0",
        "DS.INSERT.AT.INDEX",
        "BOOL.CONST.True"
      ],
      "accuracy": 0.9979870967741935,
      "complexity": 3
    }
  }
}