{
  "fitness": 0.11850000000000001,
  "accuracy": 0.8816,
  "complexity_penalty": 0.0002,
  "method_accuracies": {
    "isJavaIdentifierStart": 0.8815999999999999
  },
  "executionTime": 661.1781876087189,
  "methods": {
    "isJavaIdentifierStart": {
      "program": [
        "BOOL.CONST.False",
        "INT_TO_STR"
      ],
      "accuracy": 0.8815999999999999,
      "complexity": 2
    }
  }
}