{
  "fitness": 0.012499999999999999,
  "accuracy": 0.9876,
  "complexity_penalty": 0.0002,
  "method_accuracies": {
    "startsWith": 0.9875999999999999
  },
  "executionTime": 953.8333270549774,
  "methods": {
    "startsWith": {
      "program": [
        [
          "BOOL.CONST.False"
        ],
        "STR_INDEX_OF"
      ],
      "accuracy": 0.9875999999999999,
      "complexity": 2
    }
  }
}