{
  "fitness": 0.014199999999999999,
  "accuracy": 0.9859,
  "complexity_penalty": 0.0002,
  "method_accuracies": {
    "isWhitespace": 0.9858999999999999
  },
  "executionTime": 625.8994483947754,
  "methods": {
    "isWhitespace": {
      "program": [
        "POP.ANY",
        "BOOL.CONST.False"
      ],
      "accuracy": 0.9858999999999999,
      "complexity": 2
    }
  }
}