{
  "fitness": 0.0032500000000000003,
  "accuracy": 0.997,
  "complexity_penalty": 0.0005,
  "method_accuracies": {
    "lastIndexOf": 0.9969999999999999
  },
  "executionTime": 16.585504055023193,
  "methods": {
    "lastIndexOf": {
      "program": [
        [
          "INT.CONST.6",
          "INT.CONST.4"
        ],
        "STR_SUBSTRING",
        "INT.CONST.-3",
        "STR_TO_ASCII"
      ],
      "accuracy": 0.9969999999999999,
      "complexity": 5
    }
  }
}