{
  "fitness": 0.025651092780562962,
  "accuracy": 0.9348,
  "complexity_penalty": 0.0004,
  "method_accuracies": {
    "strip": 0.9347999999999999
  },
  "executionTime": 1077.2677574157715,
  "methods": {
    "strip": {
      "program": [
        "STR.CONST. ",
        "SWAP.ANY"
      ],
      "accuracy": 0.9347999999999999,
      "complexity": 2
    }
  }
}