{
  "fitness": 0.4118923138423457,
  "accuracy": 0.5798,
  "complexity_penalty": 0.0002,
  "method_accuracies": {
    "toUnsignedInt": 0.5797999999999999
  },
  "executionTime": 679.8782427310944,
  "methods": {
    "toUnsignedInt": {
      "program": [
        "INT.ABS"
      ],
      "accuracy": 0.5797999999999999,
      "complexity": 1
    }
  }
}