{
  "fitness": 0.15981471119191445,
  "accuracy": 0.7742,
  "complexity_penalty": 0.00030000000000000003,
  "method_accuracies": {
    "charCount": 0.7742
  },
  "executionTime": 2367.6628732681274,
  "methods": {
    "charCount": {
      "program": [
        "INT.CONST.4",
        "INT.ADD",
        [
          [
            "INT.CONST.1"
          ]
        ]
      ],
      "accuracy": 0.7742,
      "complexity": 3
    }
  }
}