{
  "fitness": 0.002,
  "accuracy": 0.9981,
  "complexity_penalty": 0.0002,
  "method_accuracies": {
    "lastIndexOf": 0.9980999999999999
  },
  "executionTime": 18.328343152999878,
  "methods": {
    "lastIndexOf": {
      "program": [
        "STR_TO_INT",
        [
          "INT.CONST.-1"
        ]
      ],
      "accuracy": 0.9980999999999999,
      "complexity": 2
    }
  }
}