{
  "fitness": 0.0149,
  "accuracy": 0.9852,
  "complexity_penalty": 0.0002,
  "method_accuracies": {
    "isFinite": 0.9851999999999999
  },
  "executionTime": 693.8165884017944,
  "methods": {
    "isFinite": {
      "program": [
        [
          "DUP.ANY"
        ],
        "FLOAT.EQ"
      ],
      "accuracy": 0.9851999999999999,
      "complexity": 2
    }
  }
}