{
  "fitness": 0.0294,
  "accuracy": 0.9707,
  "complexity_penalty": 0.0002,
  "method_accuracies": {
    "isLowerCase": 0.9706999999999999
  },
  "executionTime": 1016.1718876361847,
  "methods": {
    "isLowerCase": {
      "program": [
        [
          "ERC.INT.245"
        ],
        "INT.EQ"
      ],
      "accuracy": 0.9706999999999999,
      "complexity": 2
    }
  }
}