{
  "fitness": 0.11364347697482093,
  "accuracy": 0.8022,
  "complexity_penalty": 0.0,
  "method_accuracies": {
    "trim": 0.8021999999999999
  },
  "executionTime": 1706.5591468811035,
  "methods": {
    "trim": {
      "program": [],
      "accuracy": 0.8021999999999999,
      "complexity": 0
    }
  }
}