{
  "fitness": 0.1003,
  "accuracy": 0.8998,
  "complexity_penalty": 0.0002,
  "method_accuracies": {
    "lastIndexOf": 0.8997999999999999
  },
  "executionTime": 1025.4441223144531,
  "methods": {
    "lastIndexOf": {
      "program": [
        "POP.ANY",
        "INT.CONST.-1"
      ],
      "accuracy": 0.8997999999999999,
      "complexity": 2
    }
  }
}