{
  "fitness": 0.0471,
  "accuracy": 0.953,
  "complexity_penalty": 0.0002,
  "method_accuracies": {
    "indexOf": 0.9529999999999998
  },
  "executionTime": 1451.452169418335,
  "methods": {
    "indexOf": {
      "program": [
        "SWAP.ANY",
        [
          "STR_INDEX_OF"
        ]
      ],
      "accuracy": 0.9529999999999998,
      "complexity": 2
    }
  }
}