{
  "fitness": 0.9996969696969701,
  "accuracy": 0.007575757575757576,
  "complexity_penalty": 0.005,
  "method_accuracies": {},
  "executionTime": 170.44742941856384,
  "methods": {
    "hashCode": {
      "program": [
        "INT.CONST.1"
      ],
      "accuracy": 0.0,
      "complexity": 1
    }
  }
}