{
  "fitness": 0.4968181818181818,
  "accuracy": 0.5081818181818182,
  "complexity_penalty": 0.005,
  "method_accuracies": {},
  "executionTime": 183.91633534431458,
  "methods": {
    "compareUnsigned": {
      "program": [
        "INT.SUB"
      ],
      "accuracy": 0.0,
      "complexity": 1
    }
  }
}