{
  "fitness": 0.47083487227785636,
  "accuracy": 0.5221212121212121,
  "complexity_penalty": 0.005,
  "method_accuracies": {},
  "executionTime": 1111.4542152881622,
  "methods": {
    "max": {
      "program": [
        "INT_TO_STR"
      ],
      "accuracy": 0.0,
      "complexity": 1
    }
  }
}