{
  "fitness": 0.06136363636363636,
  "accuracy": 0.9436363636363636,
  "complexity_penalty": 0.005,
  "method_accuracies": {},
  "executionTime": 395.0175738334656,
  "methods": {
    "floorDiv": {
      "program": [
        "INT.DIV"
      ],
      "accuracy": 0.0,
      "complexity": 1
    }
  }
}