{
  "fitness": 0.27130303030301756,
  "accuracy": 0.9990909090909091,
  "complexity_penalty": 0.005,
  "method_accuracies": {},
  "executionTime": 164.7330117225647,
  "methods": {
    "toLowerCase": {
      "program": [
        "STR_TO_LOWER"
      ],
      "accuracy": 0.0,
      "complexity": 1
    }
  }
}