{
  "fitness": 0.2864292921872991,
  "accuracy": 0.9545454545454546,
  "complexity_penalty": 0.005,
  "method_accuracies": {},
  "executionTime": 140.7069571018219,
  "methods": {
    "stripTrailing": {
      "program": [
        "STR_TRIM"
      ],
      "accuracy": 0.0,
      "complexity": 1
    }
  }
}