{
  "fitness": 0.6891747831866103,
  "accuracy": 0.10666666666666667,
  "complexity_penalty": 0.005,
  "method_accuracies": {},
  "executionTime": 326.9202711582184,
  "methods": {
    "toOctalString": {
      "program": [
        "INT_TO_STR"
      ],
      "accuracy": 0.0,
      "complexity": 1
    }
  }
}