{
  "fitness": 0.4765151515151515,
  "accuracy": 0.5284848484848484,
  "complexity_penalty": 0.005,
  "method_accuracies": {},
  "executionTime": 252.41699624061584,
  "methods": {
    "compareUnsigned": {
      "program": [
        "INT.SUB"
      ],
      "accuracy": 0.0,
      "complexity": 1
    }
  }
}