{
  "fitness": 0.010303030303030303,
  "accuracy": 0.9996969696969698,
  "complexity_penalty": 0.01,
  "method_accuracies": {},
  "executionTime": 782.7454679012299,
  "methods": {
    "indexOf": {
      "program": [
        "BIT.XOR",
        "INT.CONST.-1"
      ],
      "accuracy": 0.0,
      "complexity": 2
    }
  }
}