{
  "fitness": 0.27381818181816886,
  "accuracy": 0.9963636363636363,
  "complexity_penalty": 0.005,
  "method_accuracies": {},
  "executionTime": 188.90909695625305,
  "methods": {
    "toTitleCase": {
      "program": [
        "STR_TO_UPPER"
      ],
      "accuracy": 0.0,
      "complexity": 1
    }
  }
}