{
  "fitness": 0.011313251563251563,
  "accuracy": 0.9921212121212121,
  "complexity_penalty": 0.01,
  "method_accuracies": {},
  "executionTime": 222.44018697738647,
  "methods": {
    "replace": {
      "program": [
        "SWAP.ANY",
        "POP.ANY"
      ],
      "accuracy": 0.0,
      "complexity": 2
    }
  }
}