{
  "fitness": 0.9072453367587054,
  "accuracy": 0.06515151515151515,
  "complexity_penalty": 0.005,
  "method_accuracies": {},
  "executionTime": 364.13948607444763,
  "methods": {
    "substring": {
      "program": [
        "BIT.NOT"
      ],
      "accuracy": 0.0,
      "complexity": 1
    }
  }
}