{
  "fitness": 0.9422638406022921,
  "accuracy": 0.0603030303030303,
  "complexity_penalty": 0.005,
  "method_accuracies": {},
  "executionTime": 349.75290608406067,
  "methods": {
    "getName": {
      "program": [
        "INT_TO_STR"
      ],
      "accuracy": 0.0,
      "complexity": 1
    }
  }
}