{
  "fitness": 0.9992727272727275,
  "accuracy": 0.008181818181818182,
  "complexity_penalty": 0.005,
  "method_accuracies": {},
  "executionTime": 255.9203977584839,
  "methods": {
    "hashCode": {
      "program": [
        "INT.CONST.0"
      ],
      "accuracy": 0.0,
      "complexity": 1
    }
  }
}