{
  "fitness": 0.9988484848484853,
  "accuracy": 0.008787878787878787,
  "complexity_penalty": 0.005,
  "method_accuracies": {},
  "executionTime": 214.09252524375916,
  "methods": {
    "hashCode": {
      "program": [
        "INT.CONST.1"
      ],
      "accuracy": 0.0,
      "complexity": 1
    }
  }
}