{
  "fitness": 0.022575757575757575,
  "accuracy": 0.9824242424242424,
  "complexity_penalty": 0.005,
  "method_accuracies": {},
  "executionTime": 388.42228388786316,
  "methods": {
    "sum": {
      "program": [
        "INT.ADD"
      ],
      "accuracy": 0.0,
      "complexity": 1
    }
  }
}