{
  "fitness": 0.9988484848484855,
  "accuracy": 0.008787878787878787,
  "complexity_penalty": 0.005,
  "method_accuracies": {},
  "executionTime": 197.5564148426056,
  "methods": {
    "doubleToRawLongBits": {
      "program": [
        "INT.CONST.0"
      ],
      "accuracy": 0.0,
      "complexity": 1
    }
  }
}