{
  "fitness": 0.9984242424242433,
  "accuracy": 0.009393939393939394,
  "complexity_penalty": 0.005,
  "method_accuracies": {},
  "executionTime": 116.56623101234436,
  "methods": {
    "hashCode": {
      "program": [
        [
          "INT.CONST.1"
        ]
      ],
      "accuracy": 0.0,
      "complexity": 1
    }
  }
}