{
  "fitness": 0.7777804348580372,
  "accuracy": 0.17636363636363636,
  "complexity_penalty": 0.005,
  "method_accuracies": {},
  "executionTime": 3008.1865985393524,
  "methods": {
    "rotateRight": {
      "program": [
        "INT_TO_STR"
      ],
      "accuracy": 0.0,
      "complexity": 1
    }
  }
}