{
  "fitness": 0.2860707006402052,
  "accuracy": 0.9584848484848485,
  "complexity_penalty": 0.005,
  "method_accuracies": {},
  "executionTime": 149.5268166065216,
  "methods": {
    "stripIndent": {
      "program": [
        "STR_TRIM"
      ],
      "accuracy": 0.0,
      "complexity": 1
    }
  }
}