{
  "fitness": 0.0179090909090909,
  "accuracy": 0.9936363636363637,
  "complexity_penalty": 0.005,
  "method_accuracies": {},
  "executionTime": 1580.8732261657715,
  "methods": {
    "negateExact": {
      "program": [
        "INT.NEG"
      ],
      "accuracy": 0.0,
      "complexity": 1
    }
  }
}