{
  "fitness": 0.9750348333912046,
  "accuracy": 0.021515151515151515,
  "complexity_penalty": 0.005,
  "method_accuracies": {},
  "executionTime": 246.45703268051147,
  "methods": {
    "codePointBefore": {
      "program": [
        "STR_TO_ASCII"
      ],
      "accuracy": 0.0,
      "complexity": 1
    }
  }
}