{
  "fitness": 0.2884728175369736,
  "accuracy": 0.9606060606060606,
  "complexity_penalty": 0.005,
  "method_accuracies": {},
  "executionTime": 177.48691821098328,
  "methods": {
    "stripLeading": {
      "program": [
        "STR_TRIM"
      ],
      "accuracy": 0.0,
      "complexity": 1
    }
  }
}