{
  "fitness": 0.28372072144530597,
  "accuracy": 0.9863636363636363,
  "complexity_penalty": 0.005,
  "method_accuracies": {},
  "executionTime": 191.06394624710083,
  "methods": {
    "strip": {
      "program": [
        "STR_TRIM"
      ],
      "accuracy": 0.0,
      "complexity": 1
    }
  }
}