{
  "fitness": 0.06227272727272727,
  "accuracy": 0.9427272727272727,
  "complexity_penalty": 0.005,
  "method_accuracies": {},
  "executionTime": 341.97555661201477,
  "methods": {
    "floorDiv": {
      "program": [
        "INT.DIV"
      ],
      "accuracy": 0.0,
      "complexity": 1
    }
  }
}