{
  "fitness": 0.4307575757575758,
  "accuracy": 0.5742424242424242,
  "complexity_penalty": 0.005,
  "method_accuracies": {},
  "executionTime": 426.1144049167633,
  "methods": {
    "multiplyExact": {
      "program": [
        "INT.MUL"
      ],
      "accuracy": 0.0,
      "complexity": 1
    }
  }
}