{
  "fitness": 0.29420775604865007,
  "accuracy": 0.9224242424242424,
  "complexity_penalty": 0.005,
  "method_accuracies": {},
  "executionTime": 180.10352444648743,
  "methods": {
    "toString": {
      "program": [
        "STR_TRIM"
      ],
      "accuracy": 0.0,
      "complexity": 1
    }
  }
}